query_id,metodo,recall_10,rr_10,ndcg_10,latencia_ms,documentos_retornados
B2006,BM25,1.0,0.16666666666666666,0.3562071871080222,31.829,30
B2006,Semântica,1.0,0.5,0.6309297535714575,550.617,30
B2006,Híbrida,1.0,0.5,0.6309297535714575,596.429,30
B2065,BM25,1.0,1.0,1.0,36.373,29
B2065,Semântica,1.0,1.0,1.0,556.931,30
B2065,Híbrida,1.0,1.0,1.0,565.411,30
A1574,BM25,1.0,1.0,1.0,30.778,30
A1574,Semântica,1.0,1.0,1.0,529.247,29
A1574,Híbrida,1.0,1.0,1.0,576.773,30
A682,BM25,1.0,1.0,1.0,24.791,30
A682,Semântica,1.0,1.0,1.0,536.909,30
A682,Híbrida,1.0,1.0,1.0,642.207,30
A484,BM25,1.0,0.5,0.6309297535714575,34.907,30
A484,Semântica,1.0,1.0,1.0,521.508,30
A484,Híbrida,1.0,1.0,1.0,601.476,30
B2576,BM25,1.0,1.0,1.0,24.542,30
B2576,Semântica,1.0,1.0,1.0,524.623,30
B2576,Híbrida,1.0,1.0,1.0,574.971,30
B2191,BM25,1.0,1.0,1.0,31.915,30
B2191,Semântica,1.0,1.0,1.0,601.742,30
B2191,Híbrida,1.0,1.0,1.0,634.35,30
A1603,BM25,1.0,1.0,1.0,30.775,30
A1603,Semântica,1.0,1.0,1.0,542.073,30
A1603,Híbrida,1.0,1.0,1.0,677.424,30
B2207,BM25,1.0,1.0,1.0,27.8,30
B2207,Semântica,1.0,1.0,1.0,520.414,30
B2207,Híbrida,1.0,1.0,1.0,588.325,30
A150,BM25,1.0,1.0,1.0,17.219,29
A150,Semântica,1.0,1.0,1.0,516.217,30
A150,Híbrida,1.0,1.0,1.0,573.456,30
B2395,BM25,1.0,1.0,1.0,27.811,30
B2395,Semântica,1.0,0.5,0.6309297535714575,514.993,30
B2395,Híbrida,1.0,1.0,1.0,533.168,30
B2536,BM25,0.0,0.0,0.0,15.5,30
B2536,Semântica,1.0,0.5,0.6309297535714575,520.353,30
B2536,Híbrida,1.0,0.2,0.38685280723454163,551.779,30
B2511,BM25,1.0,0.25,0.43067655807339306,15.993,30
B2511,Semântica,1.0,0.5,0.6309297535714575,552.449,30
B2511,Híbrida,1.0,0.3333333333333333,0.5,572.286,30
A967,BM25,1.0,1.0,1.0,13.572,30
A967,Semântica,1.0,1.0,1.0,587.464,29
A967,Híbrida,1.0,1.0,1.0,644.889,29
A213,BM25,1.0,1.0,1.0,14.847,30
A213,Semântica,1.0,1.0,1.0,502.463,30
A213,Híbrida,1.0,1.0,1.0,538.611,30
A737,BM25,1.0,1.0,1.0,13.707,30
A737,Semântica,1.0,1.0,1.0,522.854,30
A737,Híbrida,1.0,1.0,1.0,567.951,30
A903,BM25,1.0,1.0,1.0,32.938,30
A903,Semântica,1.0,1.0,1.0,525.207,30
A903,Híbrida,1.0,1.0,1.0,547.834,30
A1140,BM25,1.0,1.0,1.0,24.218,30
A1140,Semântica,1.0,1.0,1.0,520.159,30
A1140,Híbrida,1.0,1.0,1.0,558.005,30
A1416,BM25,1.0,0.5,0.6309297535714575,20.572,30
A1416,Semântica,1.0,0.5,0.6309297535714575,562.424,30
A1416,Híbrida,1.0,0.5,0.6309297535714575,566.831,30
A1162,BM25,0.0,0.0,0.0,15.747,30
A1162,Semântica,1.0,0.5,0.6309297535714575,523.659,30
A1162,Híbrida,0.0,0.0,0.0,581.71,30
A1168,BM25,1.0,1.0,1.0,11.779,30
A1168,Semântica,1.0,1.0,1.0,603.618,29
A1168,Híbrida,1.0,1.0,1.0,549.734,30
A1270,BM25,1.0,1.0,1.0,11.626,30
A1270,Semântica,1.0,1.0,1.0,522.545,30
A1270,Híbrida,1.0,1.0,1.0,536.549,30
B2392,BM25,1.0,1.0,1.0,18.175,30
B2392,Semântica,1.0,1.0,1.0,523.229,30
B2392,Híbrida,1.0,1.0,1.0,559.127,30
A1933,BM25,1.0,1.0,1.0,13.224,29
A1933,Semântica,1.0,1.0,1.0,540.333,29
A1933,Híbrida,1.0,1.0,1.0,536.526,29
A1298,BM25,1.0,1.0,1.0,9.373,30
A1298,Semântica,1.0,1.0,1.0,528.613,30
A1298,Híbrida,1.0,1.0,1.0,522.33,30
B2559,BM25,1.0,1.0,1.0,8.871,30
B2559,Semântica,1.0,1.0,1.0,522.727,30
B2559,Híbrida,1.0,1.0,1.0,625.883,30
A888,BM25,1.0,1.0,1.0,8.718,30
A888,Semântica,1.0,1.0,1.0,516.843,30
A888,Híbrida,1.0,1.0,1.0,535.003,30
A767,BM25,1.0,1.0,1.0,11.839,30
A767,Semântica,1.0,1.0,1.0,521.676,29
A767,Híbrida,1.0,1.0,1.0,629.78,30
B2017,BM25,1.0,1.0,1.0,17.738,30
B2017,Semântica,1.0,1.0,1.0,537.751,30
B2017,Híbrida,1.0,1.0,1.0,698.712,30
A1702,BM25,1.0,1.0,1.0,12.793,30
A1702,Semântica,1.0,1.0,1.0,518.647,30
A1702,Híbrida,1.0,1.0,1.0,516.532,30
